{"cameraMode":{"drawMode":0,"name":"Shaded","section":"Shading Mode"},"sceneLighting":true,"audioPlay":false,"sceneViewState":{"m_AlwaysRefresh":false,"showFog":true,"showSkybox":true,"showFlares":true,"showImageEffects":true,"showParticleSystems":true,"showVisualEffectGraphs":true,"m_FxEnabled":true},"in2DMode":false,"pivot":{"x":194.7655487060547,"y":-259.01361083984377,"z":438.1489562988281},"rotation":{"x":0.17761509120464326,"y":0.051634155213832858,"z":-0.00933496467769146,"w":0.9827103018760681},"size":328.9167785644531,"orthographic":false}